chr1,13050000,13055000,Gm37162
chr1,19105000,19110000,Tfap2d
chr1,19210000,19215000,Tfap2b
chr1,19100000,19105000,Tfap2d
chr1,36555000,36560000,Sema4c
chr1,36690000,36695000,Cox5b
chr1,37270000,37275000,1700074A21Rik
chr1,42695000,42700000,Pou3f3
chr1,43135000,43140000,Fhl2
chr1,45820000,45825000,Wdr75
chr1,58395000,58400000,Bzw1
chr1,72715000,72720000,Rpl37a
chr1,74770000,74775000,Wnt6
chr1,74805000,74810000,Wnt10a
chr1,74770000,74775000,Wnt6
chr1,74855000,74860000,Cdk5r2
chr1,74795000,74800000,Wnt10a
chr1,74765000,74770000,Gm27507
chr1,74790000,74795000,Wnt10a
chr1,74890000,74895000,Cryba2
chr1,78200000,78205000,Pax3
chr1,86175000,86180000,Armc9
chr1,86220000,86225000,Armc9
chr1,86645000,86650000,Gm37022
chr1,86970000,86975000,Gm37017
chr1,88560000,88565000,Gm19589
chr1,88435000,88440000,Gm28888
chr1,93175000,93180000,Crocc2
chr1,106070000,106075000,Gm37372
chr1,118555000,118560000,Clasp1
chr1,120340000,120345000,C1ql2
chr1,131110000,131115000,Gm25717
chr1,132165000,132170000,Lemd1
chr1,132160000,132165000,Cdk18
chr1,132755000,132760000,Nfasc
chr1,133050000,133055000,Pik3c2b
chr1,133180000,133185000,Plekha6
chr1,133380000,133385000,Sox13
chr1,133735000,133740000,Mir6903
chr1,134055000,134060000,Fmod
chr1,134150000,134155000,Chit1
chr1,135170000,135175000,Gpr37l1
chr1,135865000,135870000,Gm28883
chr1,152520000,152525000,Rgl1
chr1,153560000,153565000,Npl
chr1,153555000,153560000,Npl
chr1,153890000,153895000,Teddm1a
chr1,154280000,154285000,4930532M18Rik
chr1,154785000,154790000,Cacna1e
chr1,154785000,154790000,Cacna1e
chr1,155025000,155030000,Gm29441
chr1,156630000,156635000,Abl2
chr1,156915000,156920000,Ralgps2
chr1,161210000,161215000,Gm6185
chr1,164010000,164015000,Mettl18
chr1,165660000,165665000,Gm18407
chr1,166160000,166165000,Gpa33
chr1,167410000,167415000,Mgst3
chr1,170900000,170905000,Fcrlb
chr1,172410000,172415000,Gm37145
chr1,173845000,173850000,Gm38050
chr1,180265000,180270000,Psen2
chr1,180265000,180270000,Psen2
chr1,180720000,180725000,Gm8101
chr1,181890000,181895000,Enah
chr1,186825000,186830000,A430105J06Rik
chr1,194885000,194890000,Gm23885
chr10,5600000,5605000,Myct1
chr10,7880000,7885000,Tab2
chr10,18570000,18575000,Hebp2
chr10,21385000,21390000,Aldh8a1
chr10,21465000,21470000,1700021A07Rik
chr10,25125000,25130000,Akap7
chr10,25675000,25680000,Gm29571
chr10,25675000,25680000,Gm29571
chr10,41510000,41515000,Cd164
chr10,42580000,42585000,Nr2e1
chr10,43570000,43575000,Cd24a
chr10,43955000,43960000,Rtn4ip1
chr10,44000000,44005000,Aim1
chr10,53345000,53350000,Pln
chr10,57440000,57445000,4930467K11Rik
chr10,60305000,60310000,Cdh23
chr10,60305000,60310000,Cdh23
chr10,61195000,61200000,Tbata
chr10,61875000,61880000,Col13a1
chr10,61835000,61840000,Col13a1
chr10,61875000,61880000,Col13a1
chr10,61980000,61985000,Col13a1
chr10,62105000,62110000,2010107G23Rik
chr10,62495000,62500000,Srgn
chr10,62495000,62500000,Hdhd3
chr10,66910000,66915000,1110002J07Rik
chr10,69870000,69875000,Ank3
chr10,75745000,75750000,Cabin1
chr10,76835000,76840000,Pcbp3
chr10,77130000,77135000,Col18a1
chr10,79890000,79895000,Cfd
chr10,80115000,80120000,Stk11
chr10,80145000,80150000,Midn
chr10,80170000,80175000,1600002K03Rik
chr10,80450000,80455000,Tcf3
chr10,80880000,80885000,Tmprss9
chr10,80925000,80930000,Gadd45b
chr10,81395000,81400000,Nfic
chr10,81390000,81395000,Smim24
chr10,88550000,88555000,Mybpc1
chr10,89460000,89465000,Gas2l3
chr10,90725000,90730000,Anks1b
chr10,94620000,94625000,Tmcc3os
chr10,111475000,111480000,Nap1l1
chr10,117455000,117460000,Gm9002
chr10,120475000,120480000,Hmga2
chr10,122800000,122805000,Ppm1h
chr10,122800000,122805000,Ppm1h
chr10,126915000,126920000,Xrcc6bp1
chr10,127945000,127950000,Gm15900
chr10,128095000,128100000,Baz2a
chr10,130225000,130230000,Olfr827
chr11,3265000,3270000,Drg1
chr11,4000000,4005000,Gm11954
chr11,4255000,4260000,Lif
chr11,5280000,5285000,Kremen1
chr11,5995000,6000000,Camk2b
chr11,11815000,11820000,Ddc
chr11,18875000,18880000,8430419K02Rik
chr11,19820000,19825000,Gm12029
chr11,20260000,20265000,Cep68
chr11,23000000,23005000,Cct4
chr11,30680000,30685000,Gm12099
chr11,32205000,32210000,Snrnp25
chr11,33175000,33180000,Gm12115
chr11,33175000,33180000,Gm12115
chr11,33730000,33735000,Gm12120
chr11,44600000,44605000,Gm37695
chr11,48785000,48790000,Rack1
chr11,49185000,49190000,Btnl9
chr11,51615000,51620000,Nhp2
chr11,53265000,53270000,Hspa4
chr11,53735000,53740000,Gm12213
chr11,54000000,54005000,Slc22a4
chr11,54930000,54935000,Tnip1
chr11,54875000,54880000,Hint1
chr11,55200000,55205000,Slc36a1
chr11,55390000,55395000,6430584L05Rik
chr11,58305000,58310000,Zfp692
chr11,59230000,59235000,Arf1
chr11,59305000,59310000,Wnt9a
chr11,59875000,59880000,Gm12714
chr11,61195000,61200000,Rps13-ps5
chr11,62045000,62050000,Specc1
chr11,62125000,62130000,Specc1
chr11,62605000,62610000,Lrrc75aos2
chr11,62915000,62920000,Tvp23bos
chr11,66905000,66910000,Wisp1
chr11,66905000,66910000,Pirt
chr11,67030000,67035000,Tmem220
chr11,67025000,67030000,Tmem220
chr11,67110000,67115000,2310065F04Rik
chr11,67920000,67925000,Usp43
chr11,68900000,68905000,Rpl26
chr11,69035000,69040000,Ctc1
chr11,69070000,69075000,Tmem107
chr11,69190000,69195000,Alox8
chr11,69270000,69275000,Cntrobos
chr11,69680000,69685000,Senp3
chr11,70415000,70420000,Pelp1
chr11,70410000,70415000,Pelp1
chr11,70450000,70455000,Med11
chr11,70525000,70530000,Psmb6
chr11,70650000,70655000,Pfn1
chr11,70615000,70620000,Chrne
chr11,72340000,72345000,Gm23224
chr11,73010000,73015000,P2rx1
chr11,75190000,75195000,Rtn4rl1
chr11,75780000,75785000,Gm12339
chr11,75780000,75785000,Gm12339
chr11,75780000,75785000,Gm12339
chr11,76250000,76255000,Rnmtl1
chr11,77095000,77100000,Efcab5
chr11,77495000,77500000,Git1
chr11,77735000,77740000,Gm11191
chr11,77825000,77830000,Myo18a
chr11,77955000,77960000,Sez6
chr11,78355000,78360000,Unc119
chr11,79030000,79035000,Gm11201
chr11,79585000,79590000,Rab11fip4
chr11,79585000,79590000,Rab11fip4
chr11,80305000,80310000,Rhbdl3
chr11,81995000,82000000,Gm11419
chr11,82230000,82235000,Ccl1
chr11,82820000,82825000,Rffl
chr11,83270000,83275000,Gm23444
chr11,84915000,84920000,Znhit3
chr11,85705000,85710000,Bcas3os1
chr11,84520000,84525000,Lhx1
chr11,84520000,84525000,Lhx1
chr11,85840000,85845000,Gm11444
chr11,86570000,86575000,Mir21a
chr11,88060000,88065000,Gm15892
chr11,89165000,89170000,Gm24734
chr11,94130000,94135000,B230206L02Rik
chr11,95115000,95120000,Dlx3
chr11,95535000,95540000,Nxph3
chr11,95585000,95590000,Ngfr
chr11,95680000,95685000,Phb
chr11,96295000,96300000,Hoxb6
chr11,96280000,96285000,Hoxb8
chr11,96780000,96785000,Snx11
chr11,96865000,96870000,Gm11524
chr11,96915000,96920000,Cdk5rap3
chr11,96980000,96985000,Sp2
chr11,97160000,97165000,Kpnb1
chr11,97410000,97415000,Arhgap23
chr11,98925000,98930000,Rara
chr11,98990000,98995000,Top2a
chr11,100200000,100205000,Krt14
chr11,100200000,100205000,Krt14
chr11,100360000,100365000,Gm10039
chr11,100645000,100650000,Zfp385c
chr11,100625000,100630000,Nkiras2
chr11,100715000,100720000,Hspb9
chr11,100985000,100990000,Ptrf
chr11,101665000,101670000,Arl4d
chr11,101660000,101665000,Arl4d
chr11,101755000,101760000,Dhx8
chr11,101920000,101925000,Rpl27-ps2
chr11,102065000,102070000,Mpp2
chr11,102060000,102065000,Mpp2
chr11,102315000,102320000,Ubtf
chr11,102300000,102305000,Atxn7l3
chr11,102305000,102310000,Ubtf
chr11,102900000,102905000,Gfap
chr11,103765000,103770000,Wnt3
chr11,105365000,105370000,Gm11638
chr11,106515000,106520000,Gm22711
chr11,106645000,106650000,Pecam1
chr11,113700000,113705000,Cpsf4l
chr11,114745000,114750000,Dnaic2
chr11,115080000,115085000,Rab37
chr11,115090000,115095000,Rab37
chr11,116315000,116320000,n-R5s74
chr11,116220000,116225000,Cdk3-ps
chr11,116735000,116740000,Gm11735
chr11,117070000,117075000,Snhg20
chr11,117235000,117240000,Sept9
chr11,117300000,117305000,Sept9
chr11,119040000,119045000,Cbx8
chr11,119055000,119060000,Cbx8
chr11,119090000,119095000,Cbx4
chr11,119035000,119040000,Cbx8
chr11,120720000,120725000,Rac3
chr12,3925000,3930000,Dnmt3a
chr12,3980000,3985000,Pomc
chr12,9425000,9430000,Gm7099
chr12,10595000,10600000,Rdh14
chr12,33390000,33395000,Efcab10
chr12,55315000,55320000,1110008L16Rik
chr12,56535000,56540000,Nkx2-1
chr12,56535000,56540000,Nkx2-1
chr12,56610000,56615000,Nkx2-9
chr12,56535000,56540000,Nkx2-1
chr12,56695000,56700000,Pax9
chr12,57535000,57540000,Foxa1
chr12,72460000,72465000,Gm44392
chr12,72460000,72465000,Gm44392
chr12,73050000,73055000,Six1
chr12,78915000,78920000,Plek2
chr12,79020000,79025000,Plekhh1
chr12,80980000,80985000,Slc10a1
chr12,81795000,81800000,Map3k9
chr12,83105000,83110000,Rgs6
chr12,85455000,85460000,Fos
chr12,85340000,85345000,Nek9
chr12,85380000,85385000,Tmed10
chr12,86795000,86800000,Gm25888
chr12,86795000,86800000,Gm25888
chr12,87445000,87450000,Alkbh1
chr12,111425000,111430000,Gm10425
chr12,111670000,111675000,Ckb
chr13,3665000,3670000,Gm23084
chr13,20310000,20315000,Elmo1
chr13,23445000,23450000,C230035I16Rik
chr13,23430000,23435000,C230035I16Rik
chr13,30095000,30100000,Gm11367
chr13,31555000,31560000,Foxq1
chr13,31625000,31630000,Foxf2
chr13,34645000,34650000,Pxdc1
chr13,40705000,40710000,Gm9979
chr13,43595000,43600000,Rnf182
chr13,48525000,48530000,Mirlet7d
chr13,48655000,48660000,Barx1
chr13,51840000,51845000,Gadd45g
chr13,53120000,53125000,Nfil3
chr13,54115000,54120000,Sfxn1
chr13,54110000,54115000,Sfxn1
chr13,54245000,54250000,Gm16578
chr13,55190000,55195000,Nsd1
chr13,55415000,55420000,Pfn3
chr13,55405000,55410000,Pfn3
chr13,55405000,55410000,Pfn3
chr13,55825000,55830000,Pitx1
chr13,56220000,56225000,4930550C17Rik
chr13,56280000,56285000,Cxcl14
chr13,60755000,60760000,Gm10312
chr13,63045000,63050000,2010111I01Rik
chr13,64310000,64315000,Aaed1
chr13,70640000,70645000,Ice1
chr13,71960000,71965000,Irx1
chr13,71955000,71960000,Irx1
chr13,72635000,72640000,Irx2
chr13,72625000,72630000,Irx2
chr13,83725000,83730000,C130071C03Rik
chr13,95390000,95395000,Aggf1
chr13,97235000,97240000,Enc1
chr13,98375000,98380000,Foxd1
chr13,98360000,98365000,Foxd1
chr13,109615000,109620000,Pde4d
chr13,109920000,109925000,Pde4d
chr13,110060000,110065000,Pde4d
chr13,111785000,111790000,Map3k1
chr13,112990000,112995000,Mcidas
chr13,116305000,116310000,Isl1
chr14,19835000,19840000,2700060E02Rik
chr14,20805000,20810000,Camk2g
chr14,22565000,22570000,Gm5670
chr14,27585000,27590000,Erc2
chr14,31955000,31960000,D830044D21Rik
chr14,33210000,33215000,Arhgap22
chr14,34610000,34615000,Opn4
chr14,40915000,40920000,Sh2d4b
chr14,44980000,44985000,Ptger2
chr14,52305000,52310000,Mettl3
chr14,54900000,54905000,Pabpn1
chr14,55025000,55030000,Gm10364
chr14,60525000,60530000,Gm29266
chr14,60800000,60805000,Mipepos
chr14,63380000,63385000,Blk
chr14,63865000,63870000,Pinx1
chr14,65660000,65665000,Scara5
chr14,66175000,66180000,Ptk2b
chr14,69145000,69150000,Rps2-ps5
chr14,69860000,69865000,Pebp4
chr14,70465000,70470000,Phyhip
chr14,99140000,99145000,Dis3
chr15,11410000,11415000,Tars
chr15,38295000,38300000,Klf10
chr15,51910000,51915000,Utp23
chr15,55305000,55310000,Col14a1
chr15,61990000,61995000,Myc
chr15,66675000,66680000,Tg
chr15,66685000,66690000,Tg
chr15,66905000,66910000,Pirt
chr15,72550000,72555000,Kcnk9
chr15,73070000,73075000,Trappc9
chr15,73720000,73725000,Ptp4a3
chr15,73720000,73725000,Ptp4a3
chr15,73840000,73845000,Mroh5
chr15,74585000,74590000,Adgrb1
chr15,74640000,74645000,Mroh4
chr15,76660000,76665000,Kifc2
chr15,77335000,77340000,Rbfox2
chr15,77775000,77780000,Myh9
chr15,79940000,79945000,Cbx7
chr15,81465000,81470000,Rbx1
chr15,82140000,82145000,Srebf2
chr15,82065000,82070000,Mei1
chr15,84535000,84540000,Ldoc1l
chr15,85150000,85155000,Ribc2
chr15,85265000,85270000,Fbln1
chr15,85610000,85615000,D130051D11Rik
chr15,85920000,85925000,Trmu
chr15,85910000,85915000,Trmu
chr15,86055000,86060000,Gramd4
chr15,88835000,88840000,Gm23144
chr15,88825000,88830000,Gm23144
chr15,98090000,98095000,Pfkm
chr15,98580000,98585000,Gm29331
chr15,98775000,98780000,Wnt10b
chr15,98775000,98780000,Wnt10b
chr15,98775000,98780000,Wnt10b
chr15,99315000,99320000,Prpf40b
chr15,99415000,99420000,Nckap5l
chr15,99595000,99600000,Aqp6
chr15,101240000,101245000,Grasp
chr15,101335000,101340000,Mir1941
chr15,101770000,101775000,Krt72
chr15,101985000,101990000,Krt8
chr15,102075000,102080000,Eif4b
chr15,102160000,102165000,Soat2
chr15,102675000,102680000,Atp5g2
chr15,102980000,102985000,Hoxc9
chr15,103010000,103015000,Hoxc5
chr15,102985000,102990000,Hoxc8
chr15,103250000,103255000,Nfe2
chr16,5055000,5060000,Gm23483
chr16,8410000,8415000,Gm24579
chr16,10280000,10285000,Gm22932
chr16,10420000,10425000,Nubp1
chr16,10280000,10285000,Gm22932
chr16,17215000,17220000,Rimbp3
chr16,17205000,17210000,Rimbp3
chr16,17760000,17765000,Klhl22
chr16,17730000,17735000,Med15
chr16,18105000,18110000,Prodh
chr16,17800000,17805000,Scarf2
chr16,18440000,18445000,Txnrd2
chr16,18590000,18595000,4930588K23Rik
chr16,18695000,18700000,Sept5
chr16,21195000,21200000,Ephb3
chr16,22305000,22310000,Gm15776
chr16,30590000,30595000,Lsg1
chr16,32505000,32510000,Zdhhc19
chr16,32615000,32620000,Tfrc
chr16,33995000,34000000,Kalrn
chr16,33995000,34000000,Kalrn
chr16,35490000,35495000,Pdia5
chr16,35475000,35480000,Pdia5
chr16,35545000,35550000,Sema5b
chr16,56770000,56775000,Gm15693
chr16,56800000,56805000,Adgrg7
chr16,91220000,91225000,Olig2
chr16,94535000,94540000,Dscr3
chr16,97965000,97970000,Zbtb21
chr17,3450000,3455000,Tiam2
chr17,12035000,12040000,Park2
chr17,12100000,12105000,Agpat4
chr17,23805000,23810000,Srrm2
chr17,25475000,25480000,Tekt4
chr17,27030000,27035000,Ggnbp1
chr17,27235000,27240000,Lemd2
chr17,28105000,28110000,Tcp11
chr17,28375000,28380000,Tulp1
chr17,29045000,29050000,Srsf3
chr17,29045000,29050000,Srsf3
chr17,29175000,29180000,Cpne5
chr17,30445000,30450000,Gm9874
chr17,31015000,31020000,Abcg1
chr17,33895000,33900000,Kifc1
chr17,34570000,34575000,Gm20462
chr17,34630000,34635000,Prrt1
chr17,35145000,35150000,Bag6
chr17,35175000,35180000,Aif1
chr17,35480000,35485000,H2-Q10
chr17,35830000,35835000,Flot1
chr17,35995000,36000000,A930015D03Rik
chr17,37050000,37055000,Gabbr1
chr17,36910000,36915000,1700031A10Rik
chr17,40835000,40840000,Gm20574
chr17,43010000,43015000,Tnfrsf21
chr17,43265000,43270000,Adgrf1
chr17,43525000,43530000,Got1
chr17,45735000,45740000,RP24-354I16.2
chr17,56605000,56610000,2410015M20Rik
chr17,57095000,57100000,Tnfsf9
chr17,66230000,66235000,Ddx11
chr17,71660000,71665000,Fam179a
chr17,71690000,71695000,Fam179a
chr17,72855000,72860000,Ypel5
chr17,85615000,85620000,Six3os1
chr17,87880000,87885000,Rpl36-ps4
chr18,11010000,11015000,1010001N08Rik
chr18,15060000,15065000,Kctd1
chr18,24310000,24315000,Galnt1
chr18,34935000,34940000,Hspa9
chr18,35965000,35970000,Psd2
chr18,35955000,35960000,Gm23882
chr18,36405000,36410000,Cystm1
chr18,37765000,37770000,Gm26672
chr18,37760000,37765000,Pcdhgb8
chr18,37760000,37765000,Pcdhgb8
chr18,38015000,38020000,Arap3
chr18,38940000,38945000,Hells
chr18,38940000,38945000,Fgf1
chr18,46600000,46605000,Eif1a
chr18,53415000,53420000,Ppic
chr18,60595000,60600000,Synpo
chr18,60705000,60710000,Ndst1
chr18,60860000,60865000,Tcof1
chr18,60985000,60990000,Camk2a
chr18,61650000,61655000,Mir143
chr18,65295000,65300000,Mir122
chr18,65925000,65930000,Raxos1
chr18,66410000,66415000,Pmaip1
chr18,67465000,67470000,Slmo1
chr18,69895000,69900000,Ccdc68
chr18,74820000,74825000,Acaa2
chr18,80490000,80495000,Gypa
chr18,84830000,84835000,Gm22819
chr18,88765000,88770000,Socs6
chr19,4630000,4635000,Rce1
chr19,4640000,4645000,Rce1
chr19,5785000,5790000,Malat1
chr19,5965000,5970000,Pola2
chr19,6490000,6495000,Nrxn2
chr19,6485000,6490000,Nrxn2
chr19,7065000,7070000,Macrod1
chr19,8580000,8585000,Gm6425
chr19,8985000,8990000,Ahnak
chr19,9915000,9920000,Gm24484
chr19,9915000,9920000,Gm24484
chr19,10000000,10005000,Rab3il1
chr19,10450000,10455000,Lrrc10b
chr19,10450000,10455000,Lrrc10b
chr19,10550000,10555000,Tmem216
chr19,10610000,10615000,Ddb1
chr19,24230000,24235000,Tjp2
chr19,24895000,24900000,Foxd4
chr19,25605000,25610000,Dmrt3
chr19,37700000,37705000,Cyp26a1
chr19,38940000,38945000,Fgf1
chr19,41645000,41650000,Slit1
chr19,41655000,41660000,Slit1
chr19,43525000,43530000,Ankrd66
chr19,43600000,43605000,Gm20467
chr19,43530000,43535000,Got1
chr19,44245000,44250000,Scd3
chr19,44245000,44250000,Scd3
chr19,44195000,44200000,Pkd2l1
chr19,44370000,44375000,Scd1
chr19,43610000,43615000,Nkx2-3
chr19,44580000,44585000,Hif1an
chr19,44755000,44760000,Pax2
chr19,44755000,44760000,Pax2
chr19,44585000,44590000,Hif1an
chr19,44750000,44755000,Pax2
chr19,43605000,43610000,Gm20467
chr19,44755000,44760000,Pax2
chr19,45155000,45160000,Tlx1os
chr19,46135000,46140000,Pitx3
chr19,46135000,46140000,Pitx3
chr19,46590000,46595000,Wbp1l
chr19,46670000,46675000,Cyp17a1
chr19,46760000,46765000,Cnnm2
chr19,47260000,47265000,Mir6995
chr19,56915000,56920000,Afap1l2
chr19,60760000,60765000,Nanos1
chr19,60885000,60890000,Grk5
chr2,5995000,6000000,Upf2
chr2,6220000,6225000,Echdc3
chr2,10145000,10150000,Itih5
chr2,10100000,10105000,Kin
chr2,9885000,9890000,Gata3
chr2,11330000,11335000,Gm37851
chr2,11330000,11335000,Gm37851
chr2,18045000,18050000,Skida1
chr2,18035000,18040000,A930004D18Rik
chr2,18675000,18680000,Bmi1
chr2,24410000,24415000,Psd4
chr2,26450000,26455000,Gm13568
chr2,27065000,27070000,Tmem8c
chr2,27285000,27290000,Vav2
chr2,27550000,27555000,Gm13421
chr2,28920000,28925000,Barhl1
chr2,28980000,28985000,Gm13394
chr2,28920000,28925000,Barhl1
chr2,31700000,31705000,Abl1
chr2,32320000,32325000,Dnm1
chr2,32710000,32715000,Cdk9
chr2,32775000,32780000,Cfap157
chr2,32865000,32870000,Gm13523
chr2,33150000,33155000,Ralgps1
chr2,33485000,33490000,Gm13530
chr2,35290000,35295000,Gsn
chr2,35640000,35645000,Dab2ip
chr2,35650000,35655000,Dab2ip
chr2,35540000,35545000,Dab2ip
chr2,38340000,38345000,Lhx2
chr2,38350000,38355000,Lhx2
chr2,38925000,38930000,Nr6a1
chr2,58475000,58480000,Gm17409
chr2,61655000,61660000,Tank
chr2,65395000,65400000,Gm24138
chr2,70125000,70130000,Myo3b
chr2,70475000,70480000,Sp5
chr2,71525000,71530000,Dlx1
chr2,71450000,71455000,Metap1d
chr2,71530000,71535000,Dlx1
chr2,73260000,73265000,Sp9
chr2,74655000,74660000,Evx2
chr2,74680000,74685000,Hoxd11
chr2,74695000,74700000,Hoxd9
chr2,79370000,79375000,Cerkl
chr2,84450000,84455000,Tfpi
chr2,85120000,85125000,Aplnr
chr2,90685000,90690000,Nup160
chr2,91030000,91035000,Gm13777
chr2,91295000,91300000,1110051M20Rik
chr2,92005000,92010000,Creb3l1
chr2,93640000,93645000,Alx4
chr2,103080000,103085000,Apip
chr2,103460000,103465000,Elf5
chr2,103870000,103875000,Gm13876
chr2,105125000,105130000,Wt1
chr2,105665000,105670000,Pax6
chr2,106430000,106435000,Dcdc5
chr2,115855000,115860000,Meis2
chr2,116060000,116065000,Meis2
chr2,116895000,116900000,D330050G23Rik
chr2,118485000,118490000,Gm13983
chr2,118700000,118705000,Ankrd63
chr2,118700000,118705000,Ankrd63
chr2,118745000,118750000,Inafm2
chr2,119250000,119255000,Spint1
chr2,127170000,127175000,Itpripl1
chr2,127210000,127215000,Snrnp200
chr2,128695000,128700000,Mertk
chr2,131540000,131545000,Hmx3
chr2,131820000,131825000,Gm14282
chr2,146630000,146635000,4933406D12Rik
chr2,146955000,146960000,Kiz
chr2,146620000,146625000,4933406D12Rik
chr2,146960000,146965000,Kiz
chr2,146835000,146840000,Gm14114
chr2,147185000,147190000,Nkx2-2
chr2,147185000,147190000,Nkx2-2
chr2,147185000,147190000,Nkx2-2
chr2,147185000,147190000,Nkx2-2
chr2,147365000,147370000,Pax1
chr2,150610000,150615000,Apmap
chr2,152705000,152710000,Gm26841
chr2,152615000,152620000,Defb25
chr2,152700000,152705000,Gm26841
chr2,152770000,152775000,Gm23802
chr2,154215000,154220000,Bpifb5
chr2,154375000,154380000,Cdk5rap1
chr2,155515000,155520000,Ggt7
chr2,155510000,155515000,Ggt7
chr2,155845000,155850000,Uqcc1
chr2,157330000,157335000,Ghrh
chr2,158545000,158550000,Arhgap40
chr2,158550000,158555000,Arhgap40
chr2,160375000,160380000,Mafb
chr2,160600000,160605000,Gm14221
chr2,163105000,163110000,Gm22174
chr2,163335000,163340000,Tox2
chr2,164415000,164420000,Matn4
chr2,164925000,164930000,Mmp9
chr2,165070000,165075000,Cd40
chr2,165825000,165830000,Zmynd8
chr2,166590000,166595000,Prex1
chr2,167070000,167075000,Snord12
chr2,167110000,167115000,Kcnb1
chr2,167530000,167535000,Gm11474
chr2,167685000,167690000,Cebpb
chr2,170440000,170445000,Bcas1
chr2,170450000,170455000,Gm14269
chr2,170520000,170525000,Pfdn4
chr2,172830000,172835000,Gm22773
chr2,180210000,180215000,Lama5
chr2,180270000,180275000,Cables2
chr2,180470000,180475000,Slco4a1
chr2,180925000,180930000,Birc7
chr2,180990000,180995000,Col20a1
chr2,181720000,181725000,Gm14489
chr3,8965000,8970000,Tpd52
chr3,28810000,28815000,Gm33051
chr3,31055000,31060000,Mir7008
chr3,51580000,51585000,5430433H01Rik
chr3,53590000,53595000,Frem2
chr3,79670000,79675000,Gm26984
chr3,84175000,84180000,Gm6525
chr3,87885000,87890000,Prcc
chr3,87965000,87970000,Gm3745
chr3,88020000,88025000,Hapln2
chr3,88190000,88195000,AW047730
chr3,88405000,88410000,Pmf1
chr3,88485000,88490000,Lmna
chr3,90410000,90415000,Ints3
chr3,93110000,93115000,Gm37361
chr3,93550000,93555000,S100a10
chr3,93770000,93775000,Gm5773
chr3,95960000,95965000,Gm20940
chr3,96665000,96670000,Rpl21-ps11
chr3,100970000,100975000,Ttf2
chr3,106125000,106130000,Chia1
chr3,107090000,107095000,A930002I21Rik
chr3,107355000,107360000,Gm5279
chr3,107700000,107705000,Ahcyl1
chr3,116900000,116905000,Frrs1
chr3,121550000,121555000,Slc44a3
chr3,123160000,123165000,Gm23323
chr3,123160000,123165000,Gm43287
chr3,127455000,127460000,Gm44494
chr3,129200000,129205000,Pitx2
chr3,127630000,127635000,Neurog2
chr3,131085000,131090000,Lef1
chr3,146055000,146060000,Wdr63
chr3,154265000,154270000,Slc44a5
chr4,3525000,3530000,Mir3471-2
chr4,21685000,21690000,Prdm13
chr4,22480000,22485000,Pou3f2
chr4,40950000,40955000,Chmp5
chr4,41055000,41060000,Gm25637
chr4,41715000,41720000,Rpp25l
chr4,42875000,42880000,Fam205c
chr4,43925000,43930000,Reck
chr4,46385000,46390000,Trmo
chr4,62495000,62500000,Srgn
chr4,62560000,62565000,Rgs3
chr4,83260000,83265000,Ttc39b
chr4,86575000,86580000,Rraga
chr4,89275000,89280000,Gm12606
chr4,89145000,89150000,Mtap
chr4,102485000,102490000,Pde4b
chr4,106475000,106480000,Pcsk9
chr4,106610000,106615000,Lexm
chr4,106840000,106845000,Gm12746
chr4,107735000,107740000,Gm12906
chr4,108870000,108875000,Rab3b
chr4,109665000,109670000,Cdkn2c
chr4,114665000,114670000,Gm28864
chr4,114905000,114910000,Foxd2
chr4,114900000,114905000,9130410C08Rik
chr4,115055000,115060000,Tal1
chr4,115900000,115905000,6430628N08Rik
chr4,115900000,115905000,6430628N08Rik
chr4,116715000,116720000,Tesk2
chr4,116830000,116835000,Gm12996
chr4,116825000,116830000,Gm12996
chr4,119005000,119010000,Gm12862
chr4,119000000,119005000,Gm12862
chr4,118990000,118995000,Gm12865
chr4,119000000,119005000,Gm12862
chr4,119300000,119305000,Gm37817
chr4,124940000,124945000,9930104L06Rik
chr4,126085000,126090000,Oscp1
chr4,126225000,126230000,Map7d1
chr4,128710000,128715000,Phc2
chr4,129210000,129215000,Yars
chr4,129345000,129350000,Zbtb8os
chr4,129795000,129800000,Ptp4a2
chr4,130200000,130205000,Gm853
chr4,130790000,130795000,Sdc3
chr4,130785000,130790000,Gm12972
chr4,130895000,130900000,Laptm5
chr4,131785000,131790000,Ptpru
chr4,132085000,132090000,Gm13214
chr4,132775000,132780000,Rpa2
chr4,132950000,132955000,Gm24913
chr4,133005000,133010000,Ahdc1
chr4,135220000,135225000,Clic4
chr4,135510000,135515000,Gm25317
chr4,136070000,136075000,Gm13009
chr4,136455000,136460000,6030445D17Rik
chr4,136675000,136680000,Ephb2
chr4,136910000,136915000,C1qa
chr4,136895000,136900000,C1qa
chr4,137075000,137080000,Zbtb40
chr4,137850000,137855000,Ece1
chr4,138320000,138325000,Gm27646
chr4,139680000,139685000,Tas1r2
chr4,141265000,141270000,Gm13055
chr4,145215000,145220000,Vps13d
chr4,145405000,145410000,Platr16
chr4,148800000,148805000,Casz1
chr4,151070000,151075000,Camta1
chr4,151980000,151985000,Dnajc11
chr4,152175000,152180000,Acot7
chr4,154165000,154170000,Megf6
chr4,154985000,154990000,Plch2
chr4,155095000,155100000,Morn1
chr5,5490000,5495000,1700015F17Rik
chr5,15495000,15500000,Gm21847
chr5,24395000,24400000,Abcb8
chr5,28165000,28170000,En2
chr5,28165000,28170000,En2
chr5,30530000,30535000,Gm42765
chr5,33270000,33275000,Ctbp1
chr5,33430000,33435000,Nkx1-1
chr5,33680000,33685000,Gm42965
chr5,34930000,34935000,Msantd1
chr5,34985000,34990000,Rgs12
chr5,33430000,33435000,Nkx1-1
chr5,35715000,35720000,Sh3tc1
chr5,35885000,35890000,Afap1
chr5,36530000,36535000,Tbc1d14
chr5,45535000,45540000,Fam184b
chr5,63905000,63910000,Gm15819
chr5,64810000,64815000,Klf3
chr5,67095000,67100000,Phox2b
chr5,73295000,73300000,Ociad1
chr5,73430000,73435000,Cwh43
chr5,74945000,74950000,Gm6116
chr5,75070000,75075000,Gsx2
chr5,76190000,76195000,Apc-ps1
chr5,92285000,92290000,Gm43599
chr5,92310000,92315000,Sdad1
chr5,98180000,98185000,Prdm8
chr5,103355000,103360000,5430427N15Rik
chr5,105405000,105410000,Gm42749
chr5,106460000,106465000,Barhl2
chr5,106460000,106465000,Barhl2
chr5,110815000,110820000,Ulk1
chr5,112240000,112245000,Cryba4
chr5,112870000,112875000,Myo18b
chr5,113365000,113370000,Aym1
chr5,113775000,113780000,Iscu
chr5,114245000,114250000,Acacb
chr5,115245000,115250000,Rnf10
chr5,115505000,115510000,Pxn
chr5,117360000,117365000,Wsb2
chr5,119670000,119675000,Tbx3
chr5,118025000,118030000,Tesc
chr5,120505000,120510000,Slc8b1
chr5,120505000,120510000,Slc8b1
chr5,120620000,120625000,Ddx54
chr5,120650000,120655000,Rasal1
chr5,122265000,122270000,Tctn1
chr5,123995000,124000000,Hip1r
chr5,124905000,124910000,Zfp664
chr5,128520000,128525000,Gm42499
chr5,134385000,134390000,Gtf2ird1
chr5,134500000,134505000,Clip2
chr5,134905000,134910000,Wbscr28
chr5,135235000,135240000,Baz1b
chr5,135370000,135375000,Nsun5
chr5,135615000,135620000,Gm43123
chr5,135800000,135805000,Srrm3
chr5,136565000,136570000,Cux1
chr5,137005000,137010000,Gm26989
chr5,137155000,137160000,Muc3
chr5,137120000,137125000,Trim56
chr5,137600000,137605000,Mospd3
chr5,137890000,137895000,Gm3103
chr5,138855000,138860000,Gm5294
chr5,138990000,138995000,Pdgfa
chr5,139565000,139570000,Uncx
chr5,139545000,139550000,Uncx
chr5,142365000,142370000,Foxk1
chr5,142365000,142370000,Foxk1
chr5,142500000,142505000,Radil
chr5,142905000,142910000,Actb
chr5,142935000,142940000,Fscn1
chr5,142935000,142940000,Fscn1
chr5,143180000,143185000,Spdye4b
chr5,143565000,143570000,Fam220a
chr5,145610000,145615000,Gm20159
chr5,146705000,146710000,4930573C15Rik
chr5,147185000,147190000,Gsx1
chr5,147275000,147280000,Gm27033
chr5,147190000,147195000,Gsx1
chr5,147190000,147195000,Gsx1
chr5,147275000,147280000,Gm27033
chr5,146915000,146920000,Gtf3a
chr6,5410000,5415000,Asb4
chr6,5645000,5650000,Dync1i1
chr6,6860000,6865000,Dlx6
chr6,28955000,28960000,Gm3294
chr6,31530000,31535000,Podxl
chr6,37055000,37060000,Dgki
chr6,37095000,37100000,Dgki
chr6,37350000,37355000,Creb3l2
chr6,37370000,37375000,Creb3l2
chr6,49270000,49275000,Tra2a
chr6,49265000,49270000,Tra2a
chr6,50310000,50315000,Osbpl3
chr6,52165000,52170000,Gpc4
chr6,52190000,52195000,Hoxa4
chr6,52235000,52240000,Hoxa10
chr6,52255000,52260000,9530018H14Rik
chr6,54035000,54040000,Chn2
chr6,54390000,54395000,9130019P16Rik
chr6,55390000,55395000,Sparc
chr6,66975000,66980000,Gm43956
chr6,70810000,70815000,Rpia
chr6,72185000,72190000,Gm45050
chr6,72185000,72190000,Gm45050
chr6,72430000,72435000,Mat2a
chr6,82915000,82920000,Sema4f
chr6,83880000,83885000,Gm5138
chr6,85035000,85040000,Gm44011
chr6,83710000,83715000,Vax2
chr6,84585000,84590000,Cyp26b1
chr6,86125000,86130000,Gm19596
chr6,88935000,88940000,4933427D06Rik
chr6,91285000,91290000,Fbln2
chr6,91525000,91530000,Gm45216
chr6,91575000,91580000,Gm45215
chr6,92220000,92225000,Rbsn
chr6,97250000,97255000,Lmod3
chr6,97760000,97765000,Gm23703
chr6,108415000,108420000,Itpr1
chr6,114930000,114935000,Vgll4
chr6,116010000,116015000,Plxnd1
chr6,118180000,118185000,Ret
chr6,119220000,119225000,Dcp1b
chr6,120030000,120035000,Mir706
chr6,120220000,120225000,B4galnt3
chr6,122310000,122315000,M6pr
chr6,122305000,122310000,M6pr
chr6,122740000,122745000,Slc2a3
chr6,122740000,122745000,Slc2a3
chr6,124930000,124935000,Mlf2
chr6,125220000,125225000,Vamp1
chr6,125420000,125425000,Cd9
chr6,126495000,126500000,Kcna5
chr6,126640000,126645000,Kcna1
chr6,127145000,127150000,Ccnd2
chr6,127150000,127155000,Ccnd2
chr6,128805000,128810000,Klrb1c
chr6,135250000,135255000,Gsg1
chr6,136420000,136425000,Gm25882
chr6,141485000,141490000,Slco1c1
chr6,145185000,145190000,Gm15543
chr6,145245000,145250000,Kras
chr6,149005000,149010000,Gm15779
chr6,149125000,149130000,Gm10203
chr7,4565000,4570000,Ptprh
chr7,6125000,6130000,4933431C10Rik
chr7,6360000,6365000,Zfp78
chr7,6360000,6365000,Zfp78
chr7,12910000,12915000,Rps5
chr7,13010000,13015000,Zbtb45
chr7,16745000,16750000,Ap2s1
chr7,16950000,16955000,Gm25815
chr7,16930000,16935000,Calm3
chr7,19295000,19300000,Gm26802
chr7,19800000,19805000,Cblc
chr7,19800000,19805000,Cblc
chr7,24885000,24890000,Rps19
chr7,25425000,25430000,Gm20949
chr7,25725000,25730000,Ccdc97
chr7,25760000,25765000,Axl
chr7,25850000,25855000,Gm30146
chr7,27335000,27340000,Ltbp4
chr7,29380000,29385000,Sipa1l3
chr7,30180000,30185000,Cox7a1
chr7,30590000,30595000,Zbtb32
chr7,34405000,34410000,Lsm14a
chr7,34615000,34620000,Gm44837
chr7,34675000,34680000,Gm12756
chr7,34675000,34680000,Gm12756
chr7,34810000,34815000,Chst8
chr7,35120000,35125000,Gm45091
chr7,43125000,43130000,Zfp936
chr7,44260000,44265000,Gm15517
chr7,44260000,44265000,Gm15517
chr7,44265000,44270000,Gm18905
chr7,45160000,45165000,Slc17a7
chr7,45735000,45740000,F630040K05Rik
chr7,46095000,46100000,Kcnj11
chr7,46390000,46395000,Kcnc1
chr7,46960000,46965000,Uevld
chr7,46960000,46965000,Uevld
chr7,47025000,47030000,Gm45109
chr7,47025000,47030000,Gm45109
chr7,49615000,49620000,Dbx1
chr7,66110000,66115000,Chsy1
chr7,70280000,70285000,Gm29327
chr7,70330000,70335000,Gm44536
chr7,70285000,70290000,Gm29327
chr7,75135000,75140000,Sv2b
chr7,78925000,78930000,Gm44815
chr7,79245000,79250000,Gm44558
chr7,79510000,79515000,A330074H02Rik
chr7,79495000,79500000,Mir9-3hg
chr7,79550000,79555000,Gm35040
chr7,80155000,80160000,Gm45202
chr7,81070000,81075000,Platr32
chr7,82125000,82130000,Gm45056
chr7,89500000,89505000,Prss23os
chr7,97745000,97750000,Aqp11
chr7,98345000,98350000,Tsku
chr7,98740000,98745000,Gm44934
chr7,99335000,99340000,Serpinh1
chr7,99330000,99335000,RP23-239H14.1
chr7,99375000,99380000,Gdpd5
chr7,99500000,99505000,n-R5s156
chr7,99615000,99620000,Gm10605
chr7,101450000,101455000,Pde2a
chr7,110725000,110730000,RP23-152A2.2
chr7,113140000,113145000,RP23-305G5.1
chr7,114730000,114735000,Insc
chr7,118595000,118600000,Tmc5
chr7,118765000,118770000,Gm44549
chr7,120125000,120130000,Zp2
chr7,120670000,120675000,Pdzd9
chr7,120840000,120845000,Eef2k
chr7,121730000,121735000,Scnn1g
chr7,122465000,122470000,Gm44745
chr7,123395000,123400000,Lcmt1
chr7,123205000,123210000,Slc5a11
chr7,126435000,126440000,Rabep2
chr7,127525000,127530000,Snora30
chr7,131540000,131545000,Gm14285
chr7,131895000,131900000,Gm44548
chr7,132225000,132230000,Chst15
chr7,131540000,131545000,Hmx3
chr7,135400000,135405000,4930544L04Rik
chr7,135535000,135540000,Ptpre
chr7,139235000,139240000,Lrrc27
chr7,140085000,140090000,Caly
chr7,140840000,140845000,Scgb1c1
chr7,140840000,140845000,Scgb1c1
chr7,141010000,141015000,Ifitm3
chr7,142315000,142320000,Gm5054
chr7,143095000,143100000,Trpm5
chr7,143155000,143160000,Gm28821
chr7,143605000,143610000,Gm15579
chr7,143705000,143710000,Osbpl5
chr7,143705000,143710000,Osbpl5
chr7,143825000,143830000,Dhcr7
chr7,144445000,144450000,Cttn
chr7,144585000,144590000,Fadd
chr7,144780000,144785000,Gm34964
chr7,144790000,144795000,Gm9711
chr7,144845000,144850000,Fgf4
chr7,144585000,144590000,Fadd
chr7,144935000,144940000,Ccnd1
chr8,12390000,12395000,RP24-133K20.5
chr8,12610000,12615000,Tubgcp3
chr8,13550000,13555000,RP23-133J23.2
chr8,13785000,13790000,Upf3a
chr8,22810000,22815000,1700041G16Rik
chr8,24395000,24400000,Gm44619
chr8,26975000,26980000,Zfp703
chr8,27135000,27140000,4933416M07Rik
chr8,45060000,45065000,AY512931
chr8,45070000,45075000,Mtnr1a
chr8,57420000,57425000,RP24-130A20.1
chr8,57570000,57575000,Gm10284
chr8,61535000,61540000,Palld
chr8,61700000,61705000,Palld
chr8,65025000,65030000,Trim60
chr8,69115000,69120000,Gm15717
chr8,70375000,70380000,Comp
chr8,71560000,71565000,Tmem221
chr8,71560000,71565000,Tmem221
chr8,71140000,71145000,Gm27628
chr8,80490000,80495000,Ctdp1
chr8,84290000,84295000,RP24-202L5.3
chr8,84705000,84710000,Nfix
chr8,84700000,84705000,Lyl1
chr8,91800000,91805000,Irx3
chr8,94870000,94875000,Dok4
chr8,95595000,95600000,Gm5912
chr8,104145000,104150000,RP23-453P1.1
chr8,106430000,106435000,Gm26786
chr8,106560000,106565000,Gm10073
chr8,107120000,107125000,C630050I24Rik
chr8,110815000,110820000,Il34
chr8,110840000,110845000,Gm22193
chr8,119310000,119315000,Hsbp1
chr8,119780000,119785000,Tldc1
chr8,119945000,119950000,Usp10
chr8,120680000,120685000,Gm33142
chr8,121080000,121085000,Foxf1
chr8,122280000,122285000,Zfpm1
chr8,122270000,122275000,Gm22
chr8,123420000,123425000,Tubb3
chr8,124050000,124055000,Urb2
chr8,126985000,126990000,Rbm34
chr9,21985000,21990000,Rgl3
chr9,21980000,21985000,Rgl3
chr9,30480000,30485000,Snx19
chr9,30940000,30945000,Adamts8
chr9,30480000,30485000,Snx19
chr9,35295000,35300000,Gm5614
chr9,35280000,35285000,Gm5614
chr9,37460000,37465000,Msantd2
chr9,37685000,37690000,Gm8343
chr9,42000000,42005000,Sorl1
chr9,43140000,43145000,Tmem136
chr9,43225000,43230000,Oaf
chr9,43140000,43145000,Tmem136
chr9,43980000,43985000,Thy1
chr9,44455000,44460000,Upk2
chr9,44480000,44485000,C030014I23Rik
chr9,45300000,45305000,Tmprss13
chr9,45295000,45300000,Tmprss13
chr9,46870000,46875000,2900052N01Rik
chr9,48645000,48650000,Nnmt
chr9,53250000,53255000,Ddx10
chr9,53990000,53995000,Elmod1
chr9,54735000,54740000,Wdr61
chr9,55020000,55025000,Chrna3
chr9,57935000,57940000,Sema7a
chr9,58040000,58045000,Ccdc33
chr9,61915000,61920000,Rplp1
chr9,62470000,62475000,Coro2b
chr9,62285000,62290000,Spesp1
chr9,63915000,63920000,Smad6
chr9,65135000,65140000,Igdcc3
chr9,65130000,65135000,Igdcc3
chr9,65605000,65610000,Pif1
chr9,67760000,67765000,M5C1000I18Rik
chr9,70020000,70025000,Gtf2a2
chr9,71645000,71650000,Cgnl1
chr9,72630000,72635000,Gm23057
chr9,73040000,73045000,Rab27a
chr9,89825000,89830000,4930524O08Rik
chr9,91360000,91365000,Zic1
chr9,91380000,91385000,Zic4
chr9,103490000,103495000,Tmem108
chr9,107290000,107295000,Gm17040
chr9,107365000,107370000,4930429P21Rik
chr9,107685000,107690000,Sema3f
chr9,107900000,107905000,Gm23856
chr9,108095000,108100000,Apeh
chr9,108835000,108840000,Celsr3
chr9,109000000,109005000,Pfkfb4
chr9,109000000,109005000,Pfkfb4
chr9,111495000,111500000,Gm42523
chr9,114520000,114525000,C130032M10Rik
chr9,118920000,118925000,Gm16295
chr9,120140000,120145000,Mobp
chr9,121475000,121480000,Cck
chr9,123160000,123165000,Gm43287
chr9,124350000,124355000,Nlrp4g
chr9,124365000,124370000,Nlrp4g
chrX,7915000,7920000,Pcsk1n
chrX,12085000,12090000,Bcor
chrX,12085000,12090000,Bcor
chrX,12135000,12140000,Bcor
chrX,52165000,52170000,Hoxaas2
chrX,73570000,73575000,Dusp9
chrX,93790000,93795000,Pdk3
chrX,151015000,151020000,Gnl3l
